Author of commit,Number of commits,month
Deshraj,11,October-2016
Deshraj Yadav,3,October-2016
Harsh Agrawal,12,November-2016
Taranjeet Singh,46,November-2016
Akash Jain,13,November-2016
rishabhjain,4,November-2016
arun jain,3,November-2016
Gautham Santhosh,1,November-2016
The Gitter Badger,1,November-2016
Anwesh Nayak,3,November-2016
Neeraj Yadav,1,November-2016
Sourav Singh,1,December-2016
Aditya Agarwal,2,December-2016
Ram Ramrakhya,10,January-2017
Shiv Baran Singh,8,January-2017
parismita,9,January-2017
Rishav Sapahia,1,January-2017
jayantsa,4,January-2017
Viraj Prabhu,1,January-2017
Ankit Yadav,4,February-2017
Arun Jain,5,February-2017
Ankur Shukla,1,February-2017
Shivam,2,March-2017
Anshul Basia,2,March-2017
akashjain993,3,March-2017
Mayank Agrawal,2,March-2017
AliRaza3997,1,March-2017
Barnabas Makonda,1,March-2017
Varun Agrawal,1,March-2017
Pawan Sasanka Ammanamanchi,1,March-2017
KUMAR AKSHAY,1,April-2017
Artem,1,April-2017
@angularboy,2,May-2017
Adarsh S,3,May-2017
Yash Agrawal,1,August-2017
Harshit Dwivedi,6,August-2017
Hargovind Singh Arora,2,August-2017
xamfy,4,September-2017
Marlysson Silva,1,September-2017
lenixlobo,1,September-2017
Ayush khare,1,September-2017
AYUSH SEHGAL,1,September-2017
cclauss,2,October-2017
geekayush,2,October-2017
RishabhJain2018,14,October-2017
dhruvbatra,2,October-2017
Tyler Lugger,1,October-2017
jakecarr,1,October-2017
Poh Zi How,1,October-2017
Chris Wiggins,1,October-2017
Ayush Srivastava,1,November-2017
Aditya Singh,1,November-2017
Anuyog Rohilla,1,November-2017
Will Eggleston,1,November-2017
Prajwal Gatti,1,November-2017
Hizkia Felix,1,December-2017
iDrinkMocha,1,December-2017
Gautam Jajoo,1,December-2017
Avikam Mangla,1,December-2017
trexdinosaur,3,December-2017
Plebtato,1,December-2017
weakit,1,December-2017
Vivek Raj,1,January-2018
praisejabraham,1,January-2018
Shakeel Samsudeen,1,January-2018
Adam Å tafa,1,January-2018
Naman Sood,1,January-2018
Vidit Jain,1,January-2018
mrMarce,1,January-2018
tina_oberoi,4,February-2018
DESHRAJ,6,March-2018
spyshiv,1,March-2018
Tasha Chin,1,March-2018
